Model,R2 Score,RMSE,MAE
Random Forest Regressor,0.5967923588778132,3.2236588319246486,1.37092809839466
